id,name,city,country,continent,region,lon,lat,rank
JED,King Abdulaziz International,Jeddah,Saudi Arabia,Asia,Western Asia,39.156667,21.679444,16
TLV,Ben Gurion,Tel Aviv,Israel,Asia,Western Asia,34.880556,32.007222,20
DEL,Indira Gandhi International,New Delhi,India,Asia,Southern Asia,77.103056,28.566389,21
CAI,Cairo International,Cairo,Egypt,Africa,Northern Africa,31.405556,30.121944,24
MAD,Adolfo Suárez Madrid–Barajas,Madrid,Spain,Europe,Southern Europe,-3.566667,40.493611,25
BCN,Barcelona–El Prat,Barcelona,Spain,Europe,Southern Europe,2.078333,41.296944,30
DXB,Dubai International,Dubai,United Arab Emirates,Asia,Western Asia,55.364444,25.252778,32
RUH,King Khalid International,Riyadh,Saudi Arabia,Asia,Western Asia,46.698889,24.957778,35
BOM,Chhatrapati Shivaji International,Mumbai,India,Asia,Southern Asia,72.868056,19.088611,39
FCO,Leonardo da Vinci–Fiumicino Airport,Rome,Italy,Europe,Southern Europe,12.238889,41.800278,42
IST,Istanbul Airport,Istanbul,Turkey,Asia,Western Asia,28.751944,41.275278,46
LHR,Heathrow,London,United Kingdom,Europe,Northern Europe,-0.461389,51.4775,52
SAW,Sabiha Gökçen International,Istanbul,Turkey,Asia,Western Asia,29.309167,40.898611,56
CDG,Charles de Gaulle Airport,Paris,France,Europe,Western Europe,2.547778,49.009722,59
BUD,Budapest Ferenc Liszt International,Budapest,Hungary,Europe,Central Europe,19.255556,47.436944,60
LGW,Gatwick,London,United Kingdom,Europe,Northern Europe,-0.190278,51.148056,62
LIS,Lisbon Portela,Lisbon,Portugal,Europe,Southern Europe,-9.134167,38.774167,66
ATH,Athens International,Athens,Greece,Europe,Southern Europe,23.944444,37.936389,69
AMM,Queen Alia International,Amman,Jordan,Asia,Western Asia,35.993333,31.7225,71
LHE,Allama Iqbal International,Lahore,Pakistan,Asia,Southern Asia,74.403611,31.521667,73
VIE,Vienna International Airport,Vienna,Austria,Europe,Central Europe,16.578056,48.110278,74
AMD,Sardar Vallabhbhai Patel International,Ahmedabad,India,Asia,Southern Asia,72.634722,23.077222,76
CPH,Airport Copenhagen,Copenhagen,Denmark,Europe,Northern Europe,12.650278,55.620278,77
OTP,Henri Coandă International,Bucharest,Romania,Europe,Eastern Europe,26.102222,44.572222,85
DUB,Dublin,Dublin,Ireland,Europe,Northern Europe,-6.27,53.421389,86
KHI,Jinnah International,Karachi,Pakistan,Asia,Southern Asia,67.160833,24.906667,87
ISB,Islamabad International Airport,Islamabad,Pakistan,Asia,Southern Asia,72.826754,33.55126,88
ORY,Paris Orly,Paris,France,Europe,Western Europe,2.379444,48.723333,89
STN,London Stansted,London,United Kingdom,Europe,Northern Europe,0.235,51.885,90
MXP,Milan–Malpensa,Milan,Italy,Europe,Southern Europe,8.723056,45.63,92
AMS,Amsterdam Airport Schiphol,Amsterdam,Netherlands,Europe,Western Europe,4.764167,52.308056,93
BER,Berlin Brandenburg,Berlin,Germany,Europe,Central Europe,13.503333,52.366667,94
DMM,King Fahd International,Dammam,Saudi Arabia,Asia,Western Asia,49.797778,26.471111,95
TIA,Tirana International Airport Nënë Tereza,Tirana,Albania,Europe,Southern Europe,19.720833,41.415,96
PRG,Václav Havel Airport Prague,Prague,Czechia,Europe,Central Europe,14.26,50.100833,101
WAW,Warsaw Chopin,Warsaw,Poland,Europe,Central Europe,20.967222,52.165833,102
MED,Prince Mohammad bin Abdulaziz,Medina,Saudi Arabia,Asia,Western Asia,39.705,24.553333,104
LOS,Murtala Muhammed International,Lagos,Nigeria,Africa,Western Africa,3.321111,6.5775,107
MCT,Muscat International,Muscat,Oman,Asia,Western Asia,58.281667,23.592778,117
KWI,Kuwait International,Kuwait City,Kuwait,Asia,Western Asia,47.968889,29.226667,124
ARN,Stockholm Arlanda,Stockholm,Sweden,Europe,Northern Europe,17.918611,59.651944,126
DOH,Hamad International,Doha,Qatar,Asia,Western Asia,51.608333,25.274444,127
LTN,Luton,London,United Kingdom,Europe,Northern Europe,-0.368333,51.874722,129
NBO,Jomo Kenyatta International,Nairobi,Kenya,Africa,Eastern Africa,36.927778,-1.319167,132
CMN,Mohammed V International,Casablanca,Morocco,Africa,Northern Africa,-7.59,33.3675,133
FRA,Frankfurt International Airport,Frankfurt,Germany,Europe,Central Europe,8.570556,50.033056,134
MAN,Manchester,Manchester,United Kingdom,Europe,Northern Europe,-2.275,53.353611,135
BEY,Beirut–Rafic Hariri International,Beirut,Lebanon,Asia,Western Asia,35.488333,33.820833,138
RAK,Marrakesh Menara,Marrakesh,Morocco,Africa,Northern Africa,-8.036389,31.606944,141
AUH,Zayed International Airport,Abu Dhabi,United Arab Emirates,Asia,Western Asia,54.651111,24.433056,143
HEL,Helsinki,Helsinki,Finland,Europe,Northern Europe,24.963333,60.317222,146
RMO,Chișinău International,Chișinău,Moldova,Europe,Eastern Europe,28.9349,46.9352,149
SOF,Sofia,Sofia,Bulgaria,Europe,Eastern Europe,23.406111,42.695278,153
EVN,Zvartnots International,Yerevan,Armenia,Asia,Western Asia,44.395833,40.147222,157
AGP,Málaga,Málaga,Spain,Europe,Southern Europe,-4.499167,36.675,160
OSL,"Oslo Airport, Gardermoen",Oslo,Norway,Europe,Northern Europe,11.100278,60.193889,161
BEG,Belgrade Nikola Tesla,Belgrade,Serbia,Europe,Southern Europe,20.309167,44.818333,162
MUC,Munich,Munich,Germany,Europe,Central Europe,11.786111,48.353889,165
ZRH,Zürich Airport,Zürich,Switzerland,Europe,Central Europe,8.549167,47.464722,166
OPO,Porto,Porto,Portugal,Europe,Southern Europe,-8.678056,41.235556,167
LCA,Larnaca International,Larnaca,Cyprus,Europe,Southern Europe,33.624722,34.875,168
KRK,John Paul II International Airport Kraków–Balice,Kraków,Poland,Europe,Central Europe,19.784722,50.077778,169
BRU,Brussels,Brussels,Belgium,Europe,Western Europe,4.484444,50.901389,170
BGW,Baghdad International,Baghdad,Iraq,Asia,Western Asia,44.234444,33.2625,172
MLA,Malta International,Malta,Malta,Europe,Southern Europe,14.4775,35.8575,174
TBS,Tbilisi International,Tbilisi,Georgia,Asia,Western Asia,44.954722,41.669167,175
SHJ,Sharjah International,Dubai,United Arab Emirates,Asia,Western Asia,55.517222,25.328611,176
CRL,Brussels South Charleroi,Brussels,Belgium,Europe,Western Europe,4.453889,50.459167,180
KBL,Hamid Karzai International,Kabul,Afghanistan,Asia,Southern Asia,69.2125,34.565833,181
ACC,Kotoka International,Accra,Ghana,Africa,Western Africa,-0.166667,5.605278,187
BGY,Milan Bergamo International Airport,Milan,Italy,Europe,Southern Europe,9.700278,45.668889,190
EBL,Erbil International,Erbil,Iraq,Asia,Western Asia,43.963056,36.237778,194
GYD,Heydar Aliyev International,Baku,Azerbaijan,Asia,Western Asia,50.046667,40.4675,198
DUS,Düsseldorf International Airport,Düsseldorf,Germany,Europe,Central Europe,6.766667,51.289444,199
VLC,Valencia,Valencia,Spain,Europe,Southern Europe,-0.481667,39.489444,200
EDI,Edinburgh Airport,Edinburgh,United Kingdom,Europe,Northern Europe,-3.3725,55.95,204
IKA,Tehran Imam Khomeini International,Tehran,Iran,Asia,Southern Asia,51.152222,35.416111,210
TUN,Tunis–Carthage International,Tunis,Tunisia,Africa,Northern Africa,10.227222,36.851111,211
BVA,Beauvais–Tillé,Paris,France,Europe,Western Europe,2.112778,49.454444,212
ABV,Nnamdi Azikiwe International,Abuja,Nigeria,Africa,Western Africa,7.263056,9.006667,213
VCE,Venice Marco Polo,Venice,Italy,Europe,Southern Europe,12.351944,45.505278,214
KEF,Keflavík International,Reykjavik,Iceland,Europe,Northern Europe,-22.605556,63.985,216
SVQ,Seville,Seville,Spain,Europe,Southern Europe,-5.893056,37.418056,223
GVA,Geneva,Geneva,Switzerland,Europe,Central Europe,6.108889,46.238056,224
PMI,Palma de Mallorca,"Palma, Majorca",Spain,Europe,Southern Europe,2.738889,39.551667,226
AYT,Antalya,Antalya,Turkey,Asia,Western Asia,30.800556,36.898611,229
BAH,Bahrain International,Manama,Bahrain,Asia,Western Asia,50.633611,26.270833,232
NAP,Naples International,Naples,Italy,Europe,Southern Europe,14.290833,40.884444,236
DAM,Damascus International,Damascus,Syria,Asia,Southern Asia,36.514167,33.410556,241
HRG,Hurghada International,Hurghada,Egypt,Africa,Northern Africa,33.801389,27.178611,242
VNO,Vilnius,Vilnius,Lithuania,Europe,Northern Europe,25.285833,54.634167,245
SKG,Thessaloniki International Airport Macedonia,Thessaloniki,Greece,Europe,Southern Europe,22.970833,40.519722,246
ALC,Alicante–Elche,Alicante,Spain,Europe,Southern Europe,-0.558056,38.282222,247
SSH,Sharm el-Sheikh International,Sharm El Sheikh,Egypt,Africa,Northern Africa,34.395,27.977222,248
ATQ,Sri Guru Ram Dass Jee International,Amritsar,India,Asia,Southern Asia,74.797222,31.709722,250
SKP,Skopje Alexander the Great,Skopje,Republic of North Macedonia,Europe,Southern Europe,21.621389,41.961667,256
ZAG,Zagreb,Zagreb,Croatia,Europe,Southern Europe,16.068889,45.743056,257
TAS,Tashkent International,Tashkent,Uzbekistan,Asia,Central Asia,69.281111,41.257778,262
HAM,Hamburg,Hamburg,Germany,Europe,Central Europe,9.988333,53.630278,267
ALG,Houari Boumediene,Algiers,Algeria,Africa,Northern Africa,3.214722,36.694167,272
CTA,Catania–Fontanarossa,Catania,Italy,Europe,Southern Europe,15.063889,37.466667,273
NCE,Nice Côte d Azur International,Nice,France,Europe,Western Europe,7.215,43.665278,274
ADD,Addis Ababa Bole International,Addis Ababa,Ethiopia,Africa,Eastern Africa,38.799444,8.977778,279
RIX,Riga International,Riga,Latvia,Europe,Northern Europe,23.971111,56.923611,281
CGN,Cologne Bonn Airport,Cologne,Germany,Europe,Central Europe,7.142778,50.865833,282
BHX,Birmingham,Birmingham,United Kingdom,Europe,Northern Europe,-1.747778,52.453611,284
PRN,Pristina International,Pristina,Kosovo,Europe,Southern Europe,21.035833,42.572778,295
TFS,Tenerife–South,Tenerife,Spain,Europe,Southern Europe,-16.5725,28.044444,304
FLR,Florence,Florence,Italy,Europe,Southern Europe,11.202778,43.808611,305
AHB,Abha Regional,Abha,Saudi Arabia,Asia,Western Asia,42.656667,18.240278,306
BLQ,Bologna Guglielmo Marconi,Bologna,Italy,Europe,Southern Europe,11.296944,44.530833,310
ADB,Adnan Menderes,İzmir,Turkey,Asia,Western Asia,27.156944,38.2925,312
SJJ,Sarajevo International,Sarajevo,Bosnia & Herzegovina,Europe,Southern Europe,18.331389,43.824722,313
MRS,Marseille Provence,Marseille,France,Europe,Western Europe,5.215,43.436667,319
LYS,Lyon–Saint-Exupéry,Lyon,France,Europe,Western Europe,5.081111,45.725556,322
WMI,Warsaw Modlin,Warsaw,Poland,Europe,Central Europe,20.651667,52.451111,323
LPA,Gran Canaria,Las Palmas,Spain,Europe,Southern Europe,-15.386667,27.931944,327
ESB,Esenboğa International,Ankara,Turkey,Asia,Western Asia,32.995,40.128056,328
EBB,Entebbe International,Entebbe,Uganda,Africa,Eastern Africa,32.443611,0.0425,331
CIA,Ciampino–G. B. Pastine International,Rome,Italy,Europe,Southern Europe,12.595,41.798889,334
ALA,Almaty International,Almaty,Kazakhstan,Asia,Central Asia,77.042222,43.353333,339
TOS,"Tromsø Airport, Langnes",Tromsø,Norway,Europe,Northern Europe,18.918889,69.683333,341
SPX,Sphinx International Airport,Giza,Egypt,Africa,Northern Africa,30.894444,30.109722,347
TLL,Tallinn,Tallinn,Estonia,Europe,Northern Europe,24.8325,59.413333,350
LIN,Linate,Milan,Italy,Europe,Southern Europe,9.278333,45.449444,351
TNG,Tangier Ibn Battouta,Tangier,Morocco,Africa,Northern Africa,-5.916944,35.726944,360
MUX,Multan International,Multan,Pakistan,Asia,Southern Asia,71.419167,30.203333,364
DSS,Blaise Diagne International Airport,Dakar,Senegal,Africa,Western Africa,-17.066944,14.671111,368
EIN,Eindhoven,Eindhoven,Netherlands,Europe,Western Europe,5.374444,51.45,374
RBA,Rabat–Salé,Rabat,Morocco,Africa,Northern Africa,-6.751389,34.051389,375
AGA,Agadir–Al Massira,Agadir,Morocco,Africa,Northern Africa,-9.413056,30.325,376
HHN,Frankfurt–Hahn,Frankfurt,Germany,Europe,Central Europe,7.263889,49.948611,377
XNB,Dubai Bus Station,Dubai,United Arab Emirates,Asia,Western Asia,55.333333,25.25,378
SKT,Sialkot International,Sialkot,Pakistan,Asia,Southern Asia,74.363889,32.535278,380
BIO,Bilbao,Bilbao,Spain,Europe,Southern Europe,-2.910556,43.301111,382
CLJ,Cluj International,Cluj-Napoca,Romania,Europe,Eastern Europe,23.686111,46.785278,383
BDQ,Vadodara,Vadodara,India,Asia,Southern Asia,73.226389,22.336111,385
FNC,Cristiano Ronaldo International,Funchal,Portugal,Europe,Southern Europe,-16.778056,32.694167,394
TSF,Treviso,Venice,Italy,Europe,Southern Europe,12.197778,45.650833,397
GDN,Gdańsk Lech Wałęsa,Gdańsk,Poland,Europe,Central Europe,18.466111,54.3775,398
PMO,Falcone–Borsellino,Palermo,Italy,Europe,Southern Europe,13.099444,38.181944,399
STR,Stuttgart,Stuttgart,Germany,Europe,Central Europe,9.221944,48.69,403
DWC,Al Maktoum International,Dubai,United Arab Emirates,Asia,Western Asia,55.16,24.896111,407
BSZ,Manas International Airport,Bishkek,Kyrgyzstan,Asia,Central Asia,74.4775,43.061389,412
TGD,Podgorica,Podgorica,Montenegro,Europe,Southern Europe,19.251944,42.359444,415
TUU,Tabuk Regional,Tabuk,Saudi Arabia,Asia,Western Asia,36.618889,28.365556,416
LXR,Luxor International,Luxor,Egypt,Africa,Northern Africa,32.706667,25.671111,419
PEW,Bacha Khan International,Peshawar,Pakistan,Asia,Southern Asia,71.514444,33.993889,420
LKO,Chaudhary Charan Singh International,Lucknow,India,Asia,Southern Asia,80.889444,26.760556,421
HBE,Borg El Arab,Alexandria,Egypt,Africa,Northern Africa,29.696389,30.917778,422
PNQ,Pune,Pune,India,Asia,Southern Asia,73.919722,18.582222,423
GIZ,Jazan,Jizan,Saudi Arabia,Asia,Western Asia,42.585833,16.901111,426
TRF,"Sandefjord Airport, Torp",Oslo,Norway,Europe,Northern Europe,10.258611,59.186667,427
JAI,Jaipur International,Jaipur,India,Asia,Southern Asia,75.812222,26.824167,428
RVN,Rovaniemi,Rovaniemi,Finland,Europe,Northern Europe,25.830278,66.564722,429
BSL,EuroAirport Basel Mulhouse Freiburg,Basel,Switzerland,Europe,Central Europe,7.521667,47.601111,434
GOT,Göteborg Landvetter,Gothenburg,Sweden,Europe,Northern Europe,12.279722,57.662778,435
PSA,Pisa International,Pisa,Italy,Europe,Southern Europe,10.395556,43.682778,436
FAO,Faro,Faro,Portugal,Europe,Southern Europe,-7.965833,37.014444,446
BJL,Banjul International,Banjul,Gambia,Africa,Western Africa,-16.652222,13.338056,447
COV,Cukurova International Airport,Mersin,Turkey,Asia,Western Asia,35.0675,36.896944,448
ALP,Aleppo International Airport,Aleppo,Syria,Asia,Southern Asia,37.2244,36.180698,451
BTS,Bratislava Airport,Bratislava,Slovakia,Europe,Central Europe,17.212778,48.170278,452
ECN,Ercan International,Northern Cyprus,Unknown Region,Asia,Western Asia,33.488333,35.159722,456
LUX,Luxembourg,Luxembourg,Luxembourg,Europe,Western Europe,6.204444,49.623333,457
HER,Heraklion International,Heraklion,Greece,Europe,Southern Europe,25.180278,35.339722,461
BRS,Bristol,Bristol,United Kingdom,Europe,Northern Europe,-2.718889,51.3825,466
KUT,David the Builder Kutaisi International,Kutaisi,Georgia,Asia,Western Asia,42.4825,42.176667,468
IBZ,Ibiza,Ibiza,Spain,Europe,Southern Europe,1.373056,38.872778,469
FIH,N djili,Kinshasa,Democratic Republic of the Congo,Africa,Central Africa,15.444444,-4.385833,472
TLS,Toulouse–Blagnac,Toulouse,France,Europe,Western Europe,1.367778,43.635,475
BRI,Bari Karol Wojtyła,Bari,Italy,Europe,Southern Europe,16.765,41.138056,476
PFO,Paphos International,Paphos,Cyprus,Europe,Southern Europe,32.485833,34.718056,479
TRN,Turin,Turin,Italy,Europe,Southern Europe,7.649444,45.2025,483
NUE,Nuremberg,Nuremberg,Germany,Europe,Central Europe,11.066944,49.498611,486
KGL,Kigali International,Kigali,Rwanda,Africa,Eastern Africa,30.139444,-1.968611,487
FEZ,Fès–Saïs,Fes,Morocco,Africa,Northern Africa,-4.978056,33.927222,488
NQZ,Nursultan Nazarbayev International Airport,Astana,Kazakhstan,Asia,Central Asia,71.466944,51.023056,490
TFN,Tenerife-North,Tenerife,Spain,Europe,Southern Europe,-16.341667,28.482778,491
DLA,Douala International,Douala,Cameroon,Africa,Central Africa,9.719444,4.006111,492
CHQ,Chania International,Chania,Greece,Europe,Southern Europe,24.149722,35.531667,493
JTR,Santorini (Thira) National,Santorini,Greece,Europe,Southern Europe,25.479444,36.399167,494
IXC,Chandigarh International,Chandigarh,India,Asia,Southern Asia,76.788611,30.673333,501
ASW,Aswan International,Aswan,Egypt,Africa,Northern Africa,32.82,23.964444,502
SPU,Split,Split,Croatia,Europe,Southern Europe,16.298056,43.538889,504
MHD,Mashhad International,Mashhad,Iran,Asia,Southern Asia,59.645,36.234167,507
GLA,Glasgow,Glasgow,United Kingdom,Europe,Northern Europe,-4.433333,55.871944,511
DTM,Dortmund,Dortmund,Germany,Europe,Central Europe,7.612222,51.518333,516
TIF,Ta if Regional,Ta if,Saudi Arabia,Asia,Western Asia,40.544444,21.483333,519
IDR,Devi Ahilya Bai Holkar,Indore,India,Asia,Southern Asia,75.801111,22.721667,521
SLL,Salalah,Salalah,Oman,Asia,Western Asia,54.091389,17.038611,525
ASR,Erkilet International,Kayseri,Turkey,Asia,Western Asia,35.495556,38.770278,526
ACE,Lanzarote,Lanzarote,Spain,Europe,Southern Europe,-13.605278,28.945556,528
VAR,Varna,Varna,Bulgaria,Europe,Eastern Europe,27.825,43.231944,529
LYP,Faisalabad International,Faisalabad District,Pakistan,Asia,Southern Asia,72.994722,31.365,530
BGO,"Bergen Airport, Flesland",Bergen,Norway,Europe,Northern Europe,5.218056,60.293333,533
ABJ,Port Bouet,Abidjan,Côte d’Ivoire,Africa,Western Africa,-3.926389,5.261389,537
BBU,Baneasa International Airport,Bucharest,Romania,Europe,Eastern Europe,26.1021,44.503201,540
BOD,Bordeaux–Mérignac,Bordeaux,France,Europe,Western Europe,-0.715278,44.828611,543
DBV,Dubrovnik,Dubrovnik,Croatia,Europe,Southern Europe,18.268333,42.561389,545
PHC,Port Harcourt International,Port Harcourt,Nigeria,Africa,Western Africa,6.949722,5.015556,547
ROB,Roberts International,Monrovia,Liberia,Africa,Western Africa,-10.362222,6.233889,548
IAS,Iași International,Iași,Romania,Europe,Eastern Europe,27.620556,47.178611,558
QOW,Sam Mbakwe,Owerri,Nigeria,Africa,Western Africa,7.206111,5.426944,559
TSR,Timișoara Traian Vuia International,Timișoara,Romania,Europe,Eastern Europe,21.337778,45.81,562
ENU,Akanu Ibiam International,Enugu,Nigeria,Africa,Western Africa,7.561944,6.474167,563
MGQ,Aden Adde International,Mogadishu,Somalia,Africa,Eastern Africa,45.305,2.014722,565
FMM,Memmingen,Memmingen,Germany,Europe,Central Europe,10.2375,47.988056,566
ISU,Sulaimaniyah International,Sulaymaniyah,Iraq,Asia,Western Asia,45.315833,35.5625,568
UDR,Maharana Pratap,Udaipur,India,Asia,Southern Asia,73.896111,24.617778,570
KSC,Košice International,Košice,Slovakia,Europe,Central Europe,21.241111,48.663056,577
TIV,Tivat,Tivat,Montenegro,Europe,Southern Europe,18.723333,42.404722,582
LJU,Ljubljana Jože Pučnik,Ljubljana,Slovenia,Europe,Southern Europe,14.4575,46.223611,583
BFS,Belfast International,Belfast,United Kingdom,Europe,Northern Europe,-6.215833,54.6575,584
STV,Surat,Surat,India,Asia,Southern Asia,72.741667,21.114167,586
WIL,Wilson,Nairobi,Kenya,Africa,Eastern Africa,36.814722,-1.321667,587
NTE,Nantes Atlantique,Nantes,France,Europe,Western Europe,-1.607778,47.156944,588
POZ,Poznań–Ławica,Poznań,Poland,Europe,Central Europe,16.826389,52.421111,590
KTW,Katowice International,Katowice,Poland,Europe,Central Europe,19.08,50.474167,591
ELQ,Prince Nayef bin Abdulaziz Regional,Al-Qassim Region,Saudi Arabia,Asia,Western Asia,43.773889,26.302778,597
WRO,Copernicus Airport Wrocław,Wrocław,Poland,Europe,Central Europe,16.885833,51.102778,602
BUS,Batumi International,Batumi,Georgia,Asia,Western Asia,41.599722,41.610278,606
VRN,Verona Villafranca,Verona,Italy,Europe,Southern Europe,10.888056,45.396389,609
HAS,Ha il Regional,Ha il,Saudi Arabia,Asia,Western Asia,41.686389,27.438056,619
KUN,Kaunas,Kaunas,Lithuania,Europe,Northern Europe,24.084722,54.963889,621
PDL,João Paulo II,Ponta Delgada,Portugal,Europe,Southern Europe,-25.697778,37.741111,624
OVD,Asturias,Asturias,Spain,Europe,Southern Europe,-6.034722,43.563611,626
CAG,Cagliari Elmas,Cagliari,Italy,Europe,Southern Europe,9.057778,39.251389,630
SCV,Suceava International,Suceava,Romania,Europe,Eastern Europe,26.354167,47.6875,635
HAJ,Hannover,Hanover,Germany,Europe,Central Europe,9.689444,52.460556,638
FUE,Fuerteventura,Fuerteventura,Spain,Europe,Southern Europe,-13.863889,28.452778,639
RAI,Nelson Mandela International,Praia,Cape Verde,Africa,Western Africa,-23.484722,14.941389,640
ATZ,Assiut,Asyut,Egypt,Africa,Northern Africa,31.011944,27.046389,641
GRX,Federico García Lorca,Granada,Spain,Europe,Southern Europe,-3.777222,37.188611,645
JRO,Kilimanjaro International,Mount Kilimanjaro,Tanzania,Africa,Eastern Africa,37.074444,-3.429444,649
NKC,Nouakchott International,Nouakchott,Mauritania,Africa,Western Africa,-15.948056,18.097778,650
DYU,Dushanbe International,Dushanbe,Tajikistan,Asia,Central Asia,68.825,38.543333,656
YYT,St. John's International,St. John s,Canada,North America,Northern America,-52.751944,47.618611,664
EAM,Najran Regional Airport,Najran,Saudi Arabia,Asia,Western Asia,44.419167,17.611389,667
NAV,Nevşehir Kapadokya,Nevşehir,Turkey,Asia,Western Asia,34.534444,38.771944,668
PKR,Pokhara,Pokhara,Nepal,Asia,Southern Asia,83.981389,28.200556,671
NRN,Weeze,Düsseldorf,Germany,Europe,Central Europe,6.142222,51.6025,678
CKY,Conakry International,Conakry,Guinea,Africa,Western Africa,-13.611944,9.576944,679
ORN,Oran Es Sénia,Oran,Algeria,Africa,Northern Africa,-0.621111,35.623889,682
FNA,Lungi International,Freetown,Sierra Leone,Africa,Western Africa,-13.195556,8.616389,683
ABB,Asaba International,Asaba,Nigeria,Africa,Western Africa,6.667222,6.203056,685
SID,Amílcar Cabral International,Sal,Cape Verde,Africa,Western Africa,-22.949444,16.741389,690
GZT,Oğuzeli,Gaziantep,Turkey,Asia,Western Asia,37.478611,36.947222,692
BLL,Billund,Billund,Denmark,Europe,Northern Europe,9.151667,55.740278,693
ORK,Cork,Cork,Ireland,Europe,Northern Europe,-8.491111,51.841389,694
SNN,Shannon,"Shannon, County Clare",Ireland,Europe,Northern Europe,-8.924722,52.701944,696
NSI,Yaoundé Nsimalen International,Yaoundé,Cameroon,Africa,Central Africa,11.553333,3.7225,698
GOA,Genoa Cristoforo Colombo,Genoa,Italy,Europe,Southern Europe,8.8375,44.413333,701
GOP,Mahayogi Gorakhnath,Gorakhpur,India,Asia,Southern Asia,83.45,26.741111,702
BNI,Benin,Benin City,Nigeria,Africa,Western Africa,5.599444,6.316944,703
MIR,Monastir Habib Bourguiba International,Monastir,Tunisia,Africa,Northern Africa,10.754722,35.758056,704
LPL,Liverpool John Lennon,Liverpool,United Kingdom,Europe,Northern Europe,-2.849722,53.333611,706
XRY,Jerez,Jerez de la Frontera,Spain,Europe,Southern Europe,-6.06,36.744722,707
DED,Dehradun,Dehradun,India,Asia,Southern Asia,78.180278,30.189722,708
UET,Quetta International,Quetta,Pakistan,Asia,Southern Asia,66.937778,30.251389,709
NCL,Newcastle,Newcastle upon Tyne,United Kingdom,Europe,Northern Europe,-1.691667,55.0375,710
OUD,Angads,Oujda,Morocco,Africa,Northern Africa,-1.923889,34.787222,717
LBA,Leeds Bradford,Leeds,United Kingdom,Europe,Northern Europe,-1.660556,53.865833,721
RHO,Rhodes International,Rhodes,Greece,Europe,Southern Europe,28.086111,36.405556,723
SZG,Salzburg,Salzburg,Austria,Europe,Central Europe,13.004444,47.793333,724
KAN,Mallam Aminu Kano International,Kano,Nigeria,Africa,Western Africa,8.524722,12.0475,730
BSR,Basra International,Basra,Iraq,Asia,Western Asia,47.662222,30.549167,731
LCY,London City,London,United Kingdom,Europe,Northern Europe,0.054167,51.505,734
TZX,Trabzon,Trabzon,Turkey,Asia,Western Asia,39.789722,40.995,735
ASM,Asmara International,Asmara,Eritrea,Africa,Eastern Africa,38.910556,15.291944,737
ARK,Arusha,Arusha,Tanzania,Africa,Eastern Africa,36.625,-3.367222,739
NDJ,N Djamena International,N Djamena,Chad,Africa,Central Africa,15.033889,12.133611,746
SVG,"Stavanger Airport, Sola",Stavanger,Norway,Europe,Northern Europe,5.637778,58.876667,750
BHO,Raja Bhoj,Bhopal,India,Asia,Southern Asia,77.3375,23.2875,752
TRS,Trieste – Friuli Venezia Giulia,Trieste,Italy,Europe,Southern Europe,13.472222,45.8275,754
VIL,Dakhla,Dakhla,Unknown Region,Africa,Northern Africa,-15.931944,23.718333,763
SUF,Lamezia Terme International,Lamezia Terme,Italy,Europe,Southern Europe,16.241667,38.908333,769
MMX,Malmö,Malmö,Sweden,Europe,Northern Europe,13.375,55.5425,771
SKD,Samarkand International,Samarkand,Uzbekistan,Asia,Central Asia,66.984722,39.700556,773
COO,Cadjehoun,Cotonou,Benin,Africa,Western Africa,2.384444,6.357222,776
DJE,Djerba–Zarzis International,Djerba,Tunisia,Africa,Northern Africa,10.775556,33.875,780
JIB,Djibouti–Ambouli International,Balbala,Djibouti,Africa,Eastern Africa,43.159444,11.547222,784
FKB,Karlsruhe/Baden-Baden,Karlsruhe,Germany,Europe,Central Europe,8.080556,48.779444,787
SCQ,Santiago de Compostela,Santiago de Compostela,Spain,Europe,Southern Europe,-8.415278,42.896389,788
LLA,Luleå,Luleå,Sweden,Europe,Northern Europe,22.121944,65.543889,789
CZL,Mohamed Boudiaf International,Constantine,Algeria,Africa,Northern Africa,6.620278,36.276111,790
ASB,Ashgabat International,Ashgabat,Turkmenistan,Asia,Central Asia,58.360833,37.986944,793
PZU,Port Sudan New International,Port,Sudan,Africa,Northern Africa,37.234167,19.433611,794
KRN,Kiruna,Kiruna,Sweden,Europe,Northern Europe,20.336667,67.821944,795
TRD,"Trondheim Airport, Værnes",Trondheim,Norway,Europe,Northern Europe,10.924167,63.4575,799
SXR,Srinagar International,Srinagar,India,Asia,Southern Asia,74.774167,33.987222,800
NJF,Al Najaf International,Najaf,Iraq,Asia,Western Asia,44.404167,31.989722,806
RZE,Rzeszów–Jasionka,Rzeszów,Poland,Europe,Central Europe,22.018889,50.11,807
PLQ,Palanga International,Palanga,Lithuania,Europe,Northern Europe,21.093889,55.973333,811
ALF,Alta,Alta,Norway,Europe,Northern Europe,23.371667,69.976111,815
OLB,Olbia Costa Smeralda,Olbia,Italy,Europe,Southern Europe,9.517778,40.898611,817
KMS,Kumasi,Kumasi,Ghana,Africa,Western Africa,-1.590833,6.714444,818
SBZ,Sibiu International,Sibiu,Romania,Europe,Eastern Europe,24.091389,45.785556,821
CFU,Corfu International,Corfu,Greece,Europe,Southern Europe,19.911667,39.601944,824
KIS,Kisumu International,Kisumu,Kenya,Africa,Eastern Africa,34.729722,-0.085556,829
HSR,Rajkot International Airport,Rajkot,India,Asia,Southern Asia,71.028333,22.388056,830
BKO,Bamako–Sénou International,Bamako,Mali,Africa,Western Africa,-7.95,12.533611,835
DLM,Dalaman,Dalaman,Turkey,Asia,Western Asia,28.7925,36.713056,838
NDR,Nador International,Nador,Morocco,Africa,Northern Africa,-3.028333,34.988889,841
SYZ,Shiraz International,Shiraz,Iran,Asia,Southern Asia,52.588611,29.540278,848
SXB,Strasbourg,Strasbourg,France,Europe,Western Europe,7.634444,48.541944,857
IVL,Ivalo,Ivalo,Finland,Europe,Northern Europe,27.405278,68.607222,860
LCG,A Coruña,A Coruña,Spain,Europe,Southern Europe,-8.377222,43.302222,869
EVE,"Harstad/Narvik Airport, Evenes",Narvik,Norway,Europe,Northern Europe,16.678056,68.491389,874
NYO,Stockholm Skavsta,Stockholm,Sweden,Europe,Northern Europe,16.912222,58.788611,883
OUA,Ouagadougou,Ouagadougou,Burkina Faso,Africa,Western Africa,-1.5125,12.353333,888
AAL,Aalborg,Aalborg,Denmark,Europe,Northern Europe,9.849167,57.092778,892
ULH,Prince Abdul Majeed bin Abdulaziz Domestic,Al-`Ula,Saudi Arabia,Asia,Western Asia,38.105278,26.489722,894
SOU,Southampton,Southampton,United Kingdom,Europe,Northern Europe,-1.356667,50.950278,899
IXU,Aurangabad,Aurangabad,India,Asia,Southern Asia,75.398056,19.862778,903
HTY,Hatay,Hatay Province,Turkey,Asia,Western Asia,36.284722,36.359722,904
BJV,Milas–Bodrum,Bodrum,Turkey,Asia,Western Asia,27.664444,37.250556,908
MAH,Menorca,Menorca,Spain,Europe,Southern Europe,4.218611,39.8625,913
JUB,Juba International,Juba,South Sudan,Africa,Eastern Africa,31.601111,4.871944,916
LBV,Libreville International,Libreville,Gabon,Africa,Central Africa,9.412222,0.458611,917
GHV,Brașov-Ghimbav International Airport,Brasov,Romania,Europe,Eastern Europe,25.52,45.701667,918
HGA,Hargeisa,Hargeisa,Somalia,Africa,Eastern Africa,44.083889,9.513889,919
ZAD,Zadar,Zadar,Croatia,Europe,Southern Europe,15.346667,44.108333,923
RTM,Rotterdam The Hague,Rotterdam,Netherlands,Europe,Western Europe,4.430833,51.953056,925
ABZ,Aberdeen,Aberdeen,United Kingdom,Europe,Northern Europe,-2.200278,57.204167,927
EMA,East Midlands,Nottingham,United Kingdom,Europe,Northern Europe,-1.328056,52.831111,930
CWL,Cardiff,Cardiff,United Kingdom,Europe,Northern Europe,-3.343333,51.396667,931
PSR,Abruzzo,Pescara,Italy,Europe,Southern Europe,14.186667,42.431667,932
BJM,Bujumbura International,Bujumbura,Burundi,Africa,Eastern Africa,29.318611,-3.323889,933
LEJ,Leipzig/Halle Airport,Leipzig,Germany,Europe,Central Europe,12.241667,51.4325,939
RMF,Marsa Alam International,Marsa Alam,Egypt,Africa,Northern Africa,34.583611,25.557222,943
AJF,Al-Jawf Domestic,Al Jawf Region,Saudi Arabia,Asia,Western Asia,40.1,29.785,946
VXE,Cesária Évora,São Vicente,Cape Verde,Africa,Western Africa,-25.054722,16.833611,947
LIL,Lille,Lille,France,Europe,Western Europe,3.086944,50.563333,948
SPC,La Palma,Santa Cruz de La Palma,Spain,Europe,Southern Europe,-17.755556,28.626389,952
KDU,Skardu,Skardu,Unknown Region,Asia,Southern Asia,75.546389,35.333056,955
BDS,Brindisi,Brindisi,Italy,Europe,Southern Europe,17.948056,40.660556,956
AHO,Alghero-Fertilia,Alghero,Italy,Europe,Southern Europe,8.289722,40.630278,957
SDR,Santander,Santander,Spain,Europe,Southern Europe,-3.82,43.426944,959
JER,Jersey,Saint Helier,Jersey,Europe,Northern Europe,-2.195278,49.207778,963
VGO,Vigo–Peinador,Vigo,Spain,Europe,Southern Europe,-8.626667,42.231667,970
JDH,Jodhpur,Jodhpur,India,Asia,Southern Asia,73.048889,26.251111,971
KAO,Kuusamo,Kuusamo,Finland,Europe,Northern Europe,29.239444,65.9875,972
TZL,Tuzla International,Tuzla,Bosnia & Herzegovina,Europe,Southern Europe,18.725556,44.458611,975
LFW,Lomé–Tokoin International,Lomé,Togo,Africa,Western Africa,1.254444,6.165556,982
KTT,Kittilä,Kittilä,Finland,Europe,Northern Europe,24.846944,67.701111,984
MJI,Mitiga International,Tripoli,Libya,Africa,Northern Africa,13.289722,32.893333,985
BHD,George Best Belfast City,Belfast,United Kingdom,Europe,Northern Europe,-5.8725,54.618056,987
AKX,Aktobe,Aktobe,Kazakhstan,Asia,Central Asia,57.206667,50.245833,995
LDE,Tarbes–Lourdes–Pyrénées,Lourdes,France,Europe,Western Europe,-0.002778,43.185556,999
JMK,Mykonos Island National,Mykonos,Greece,Europe,Southern Europe,25.348056,37.435,1005
BRE,Bremen,Bremen,Germany,Europe,Central Europe,8.786667,53.0475,1010
SEN,London Southend,London,United Kingdom,Europe,Northern Europe,0.695556,51.571389,1011
MJT,Mytilene International,Mytilene,Greece,Europe,Southern Europe,26.602222,39.053333,1013
PAS,Paros National,Parikia,Greece,Europe,Southern Europe,25.128611,37.010278,1015
BCM,George Enescu International,Bacău,Romania,Europe,Eastern Europe,26.910278,46.521944,1018
IOM,Isle of Man,Douglas,Isle of Man,Europe,Northern Europe,-4.624167,54.083333,1019
INI,Niš Constantine the Great,Niš,Serbia,Europe,Southern Europe,21.853611,43.337222,1020
GZP,Gazipaşa,Gazipaşa,Turkey,Asia,Western Asia,32.290278,36.298056,1021
EUN,Hassan I,Laayoune,Unknown Region,Africa,Northern Africa,-13.219167,27.151667,1024
TTU,Sania Ramel,Tétouan,Morocco,Africa,Northern Africa,-5.328056,35.59,1025
AJA,Ajaccio Napoleon Bonaparte,Ajaccio,France,Europe,Western Europe,8.8025,41.923889,1026
BZO,Bolzano Airport,Bolzano,Italy,Europe,Southern Europe,11.3264,46.460201,1027
YNB,Yanbu,Yanbu,Saudi Arabia,Asia,Western Asia,38.063333,24.144167,1028
TBZ,Tabriz International,Tabriz,Iran,Asia,Southern Asia,46.235,38.133889,1043
IXJ,Jammu,Jammu,Unknown Region,Asia,Southern Asia,74.8375,32.689167,1050
SMI,Samos International,Samos,Greece,Europe,Southern Europe,26.911667,37.69,1052
LEI,Almería,Almería,Spain,Europe,Southern Europe,-2.37,36.843889,1056
AAN,Al Ain International,Al Ain,United Arab Emirates,Asia,Western Asia,55.609167,24.261667,1058
OGU,Ordu–Giresun,Giresun,Turkey,Asia,Western Asia,38.085833,40.966944,1060
GRZ,Graz,Graz,Austria,Europe,Central Europe,15.44,46.993611,1065
KGS,Kos Island International,Kos,Greece,Europe,Southern Europe,27.091667,36.793333,1069
IFN,Isfahan International,Isfahan,Iran,Asia,Southern Asia,51.869722,32.751667,1073
ZTH,Zakynthos International,Zakynthos Island,Greece,Europe,Southern Europe,20.884167,37.750833,1077
PDV,Plovdiv,Plovdiv,Bulgaria,Europe,Eastern Europe,24.850833,42.067778,1082
MLH,Mulhouse/Basel EuroAirport French FR,Basel,Switzerland,Europe,Central Europe,7.529167,47.600833,1088
SCO,Aktau,Aktau,Kazakhstan,Asia,Central Asia,51.091944,43.86,1091
AAE,Rabah Bitat,Annaba,Algeria,Africa,Northern Africa,7.809167,36.822222,1094
IXL,Kushok Bakula Rimpochee,Leh,Unknown Region,Asia,Southern Asia,77.546389,34.135833,1095
TER,Lajes Field,Terceira Island,Portugal,Europe,Southern Europe,-27.090833,38.761944,1096
OMR,Oradea International,Oradea,Romania,Europe,Eastern Europe,21.9025,47.025278,1099
AQJ,King Hussein International,Aqaba,Jordan,Asia,Western Asia,35.018056,29.611667,1103
LAU,Manda,Lamu,Kenya,Africa,Eastern Africa,40.913056,-2.2525,1106
SFT,Skellefteå,Skellefteå,Sweden,Europe,Northern Europe,21.076944,64.624722,1108
GGR,Garowe,Garoe,Somalia,Africa,Eastern Africa,48.5675,8.458056,1112
BJA,Abane Ramdane,Béjaïa,Algeria,Africa,Northern Africa,5.07,36.711944,1115
JLR,Jabalpur,Jabalpur,India,Asia,Southern Asia,80.051944,23.177778,1118
MPL,Montpellier–Méditerranée,Montpellier,France,Europe,Western Europe,3.961389,43.583333,1119
BOH,Bournemouth,Bournemouth,United Kingdom,Europe,Northern Europe,-1.8425,50.78,1120
GUW,Atyrau,Atyrau,Kazakhstan,Asia,Central Asia,51.821389,47.121944,1124
BWA,Gautam Buddha,Siddharthanagar,Nepal,Asia,Southern Asia,83.416389,27.505833,1134
OSS,Osh,Osh,Kyrgyzstan,Asia,Central Asia,72.793333,40.608889,1135
AES,"Ålesund Airport, Vigra",Ålesund,Norway,Europe,Northern Europe,6.110278,62.560278,1137
PNA,Pamplona,Pamplona,Spain,Europe,Southern Europe,-1.646389,42.77,1138
PNR,Pointe Noire,Pointe-Noire,Republic of the Congo,Africa,Central Africa,11.886667,-4.816111,1140
LYR,"Svalbard Airport, Longyear",Longyearbyen,Svalbard & Jan Mayen,Europe,Northern Europe,15.465556,78.246111,1141
MYD,Malindi,Malindi,Kenya,Africa,Eastern Africa,40.101667,-3.229167,1143
KVA,Kavala International,Kavala,Greece,Europe,Southern Europe,24.619167,40.913333,1154
BZG,Bydgoszcz Ignacy Jan Paderewski,Bydgoszcz,Poland,Europe,Central Europe,17.977778,53.096667,1156
DIY,Diyarbakır,Diyarbakır,Turkey,Asia,Western Asia,40.201111,37.893889,1157
EAS,San Sebastián,Donostia / San Sebastián,Spain,Europe,Southern Europe,-1.790556,43.356389,1158
JNX,Naxos Island National,Naxos,Greece,Europe,Southern Europe,25.368611,37.082222,1161
KYA,Konya,Konya,Turkey,Asia,Western Asia,32.561944,37.978889,1163
TKD,Takoradi,Sekondi-Takoradi,Ghana,Africa,Western Africa,-1.774722,4.895556,1164
PVK,Aktion National,Preveza,Greece,Europe,Southern Europe,20.765278,38.925556,1170
GNY,Sanliurfa,Şanlıurfa,Turkey,Asia,Western Asia,38.898752,37.447658,1171
SEU,Seronera Airstrip,Seronera,Tanzania,Africa,Eastern Africa,34.821944,-2.457222,1172
INV,Inverness,Inverness,United Kingdom,Europe,Northern Europe,-4.05,57.54,1175
BNX,Banja Luka International,Banja Luka,Bosnia & Herzegovina,Europe,Southern Europe,17.2975,44.941389,1176
KIR,Kerry,County Kerry,Ireland,Europe,Northern Europe,-9.523889,52.180833,1177
IXD,Allahabad,Allahabad,India,Asia,Southern Asia,81.733889,25.44,1178
YYG,Charlottetown,Charlottetown,Canada,North America,Northern America,-63.125556,46.289167,1180
VST,Stockholm Västerås,Stockholm,Sweden,Europe,Northern Europe,16.633611,59.589444,1184
VBY,Visby,Visby,Sweden,Europe,Northern Europe,18.346111,57.662778,1186
ESU,Essaouira-Mogador,Essaouira,Morocco,Africa,Northern Africa,-9.681667,31.3975,1187
BZV,Maya-Maya,Brazzaville,Republic of the Congo,Africa,Central Africa,15.253056,-4.251667,1189
BOO,Bodø,Bodø,Norway,Europe,Northern Europe,14.365278,67.269167,1194
AAR,Aarhus,Aarhus,Denmark,Europe,Northern Europe,10.619444,56.303889,1196
JKH,Chios Island National,Chios,Greece,Europe,Southern Europe,26.140556,38.343056,1197
LCJ,Łódź Władysław Reymont,Łódź,Poland,Europe,Central Europe,19.398056,51.721944,1200
ADE,Aden International Airport,Aden,Yemen,Asia,Western Asia,45.028801,12.8295,1205
JSA,Jaisalmer,Jaisalmer,India,Asia,Southern Asia,70.865,26.888611,1206
OHD,Ohrid St. Paul the Apostle,Ohrid,Republic of North Macedonia,Europe,Southern Europe,20.742222,41.18,1210
MWZ,Mwanza,Mwanza,Tanzania,Africa,Eastern Africa,32.932778,-2.444444,1214
TLM,Zenata – Messali El Hadj,Tlemcen,Algeria,Africa,Northern Africa,-1.457778,35.013333,1222
REG,Reggio Calabria,Reggio Calabria,Italy,Europe,Southern Europe,15.653611,38.071944,1224
URY,Gurayat Domestic,Qurayyat,Saudi Arabia,Asia,Western Asia,37.279444,31.411944,1226
BIQ,Biarritz Pays Basque,Biarritz,France,Europe,Western Europe,-1.531111,43.468333,1229
GRO,Girona–Costa Brava,Girona,Spain,Europe,Southern Europe,2.760556,41.900833,1230
BHJ,Bhuj,Bhuj,India,Asia,Southern Asia,69.670278,23.287778,1232
FAE,Vágar,Sørvágur,Faroe Islands,Europe,Northern Europe,-7.293056,62.066389,1235
ZAZ,Zaragoza,Zaragoza,Spain,Europe,Southern Europe,-1.041667,41.666111,1239
AOI,Marche Airport,Ancona,Italy,Europe,Southern Europe,13.360278,43.616667,1242
FSP,Saint-Pierre,Saint-Pierre,St. Pierre & Miquelon,North America,Northern America,-56.174444,46.763333,1244
QRW,Warri,Warri,Nigeria,Africa,Western Africa,5.820278,5.598889,1245
NBE,Enfidha–Hammamet International,Enfidha,Tunisia,Africa,Northern Africa,10.438333,36.075556,1248
INN,Innsbruck,Innsbruck,Austria,Europe,Central Europe,11.343889,47.260278,1251
TKU,Turku,Turku,Finland,Europe,Northern Europe,22.262778,60.514167,1253
OUL,Oulu,Oulu,Finland,Europe,Northern Europe,25.354444,64.93,1255
ERH,Moulay Ali Cherif,Errachidia,Morocco,Africa,Northern Africa,-4.398889,31.946944,1256
CRA,Craiova International,Craiova,Romania,Europe,Eastern Europe,23.888611,44.318056,1257
OXB,Osvaldo Vieira International,Bissau,Guinea-Bissau,Africa,Western Africa,-15.653611,11.894722,1261
DHM,Dharamsala airport,Dharamshala,India,Asia,Southern Asia,76.260556,32.165278,1262
RZV,Rize–Artvin Airport,Rize,Turkey,Asia,Western Asia,40.828889,41.169167,1263
DRS,Dresden,Dresden,Germany,Europe,Central Europe,13.768056,51.134444,1268
LUZ,Lublin,Lublin,Poland,Europe,Central Europe,22.690556,51.231389,1270
EXT,Exeter,Exeter,United Kingdom,Europe,Northern Europe,-3.413889,50.734444,1273
KER,Kerman,Kerman,Iran,Asia,Southern Asia,56.951111,30.274444,1278
RNS,Rennes–Saint-Jacques,Rennes,France,Europe,Western Europe,-1.732222,48.071944,1279
URC,Ürümqi Diwopu International,Ürümqi,China,Asia,Eastern Asia,87.474167,43.907222,1282
NIM,Diori Hamani International,Niamey,Niger,Africa,Western Africa,2.176667,13.481111,1284
ABT,Al-Baha Domestic,Al Bahah,Saudi Arabia,Asia,Western Asia,41.634167,20.296111,1290
GIL,Gilgit,Gilgit,Unknown Region,Asia,Southern Asia,74.333611,35.918889,1296
JIJ,Jijiga,Jijiga,Ethiopia,Africa,Eastern Africa,42.912614,9.333482,1299
KKN,"Kirkenes Airport, Høybuktmoen",Kirkenes,Norway,Europe,Northern Europe,29.891389,69.725833,1304
PIK,Glasgow Prestwick,Glasgow,United Kingdom,Europe,Northern Europe,-4.586667,55.509444,1311
AEY,Akureyri,Akureyri,Iceland,Europe,Northern Europe,-18.072222,65.658611,1312
XCR,Châlons Vatry,Paris,France,Europe,Western Europe,4.206111,48.773333,1318
ANR,Antwerp International,Brussels,Belgium,Europe,Western Europe,4.460278,51.189444,1319
KTL,Kitale,Kitale,Kenya,Africa,Eastern Africa,34.959722,0.973333,1321
TPS,Vincenzo Florio Airport Trapani–Birgi,Trapani,Italy,Europe,Southern Europe,12.494167,37.9075,1328
RMI,Federico Fellini International,Rimini,Italy,Europe,Southern Europe,12.609444,44.019444,1330
NDB,Nouadhibou International,Nouadhibou,Mauritania,Africa,Western Africa,-17.03,20.933056,1334
RSI,Red Sea International Airport,Red Sea Project,Saudi Arabia,Asia,Western Asia,37.078333,25.630278,1335
AGR,Agra,Agra,India,Asia,Southern Asia,77.960833,27.155833,1336
BEN,Benina International,Benghazi,Libya,Africa,Northern Africa,20.269444,32.096667,1337
RMU,Región de Murcia,Murcia,Spain,Europe,Southern Europe,-1.1279,37.8062,1341
DNZ,Denizli Çardak,Denizli,Turkey,Asia,Western Asia,29.701389,37.785556,1344
BOJ,Burgas,Burgas,Bulgaria,Europe,Eastern Europe,27.515278,42.569722,1345
CMF,Chambéry,Chambéry,France,Europe,Western Europe,5.88,45.639167,1346
RAE,Arar Domestic,Arar,Saudi Arabia,Asia,Western Asia,41.138333,30.906667,1347
FSC,Figari–Sud Corse,Figari,France,Europe,Western Europe,9.096667,41.502222,1348
FMO,Münster Osnabrück International,Münster,Germany,Europe,Central Europe,7.684722,52.134722,1350
PUY,Pula,Pula,Croatia,Europe,Southern Europe,13.922222,44.893611,1351
ERC,Erzincan,Erzincan,Turkey,Asia,Western Asia,39.526944,39.710278,1354
RKT,Ras Al Khaimah International,Ras al-Khaimah,United Arab Emirates,Asia,Western Asia,55.938889,25.613611,1355
AQI,Al Qaisumah/Hafr Al Batin,Qaisumah,Saudi Arabia,Asia,Western Asia,46.125,28.335278,1356
OMO,Mostar,Mostar,Bosnia & Herzegovina,Europe,Southern Europe,17.845833,43.282778,1360
LLI,Lalibela,Lalibela,Ethiopia,Africa,Eastern Africa,38.98,11.975,1367
TMS,São Tomé International,São Tomé,São Tomé & Príncipe,Africa,Central Africa,6.712222,0.378056,1372
IOA,Ioannina National,Ioannina,Greece,Europe,Southern Europe,20.8225,39.696389,1374
JOS,Yakubu Gowon,Jos,Nigeria,Africa,Western Africa,8.87,9.639722,1378
EDL,Eldoret International,Eldoret,Kenya,Africa,Eastern Africa,35.238889,0.404722,1379
GNJ,Ganja International Airport,Ganja,Azerbaijan,Asia,Western Asia,46.3175,40.7351,1380
FRO,Florø,Florø,Norway,Europe,Northern Europe,5.024722,61.583611,1381
GWL,Gwalior,Gwalior,India,Asia,Southern Asia,78.227778,26.293333,1382
MQM,Mardin,Mardin,Turkey,Asia,Western Asia,40.631667,37.223333,1383
GOU,Garoua International,Garoua,Cameroon,Africa,Central Africa,13.37,9.335833,1384
ERZ,Erzurum,Erzurum,Turkey,Asia,Western Asia,41.170278,39.956389,1385
EFL,Kephalonia International,Cephalonia,Greece,Europe,Southern Europe,20.500556,38.12,1391
CDT,Castellón–Costa Azahar,Castellón de la Plana,Spain,Europe,Southern Europe,0.073333,40.214167,1392
UGC,Urgench International,Urgench,Uzbekistan,Asia,Central Asia,60.641667,41.584167,1394
SZF,Samsun-Çarşamba,Samsun,Turkey,Asia,Western Asia,36.567222,41.254444,1398
TIN,Tindouf,Tindouf,Algeria,Africa,Northern Africa,-8.167222,27.700278,1399
DJG,Tiska,Djanet,Algeria,Africa,Northern Africa,9.4525,24.292778,1400
MZR,Mazar-i-Sharif International,Mazar-i-Sharif,Afghanistan,Asia,Southern Asia,67.209444,36.706944,1401
JIK,Ikaria Island National,Icaria,Greece,Europe,Southern Europe,26.346944,37.682778,1402
NMA,Namangan,Namangan,Uzbekistan,Asia,Central Asia,71.556944,40.985,1403
BHK,Bukhara International,Bukhara,Uzbekistan,Asia,Central Asia,64.48,39.766389,1410
CIT,Shymkent International,Shymkent,Kazakhstan,Asia,Central Asia,69.478889,42.364167,1412
DPS,Ngurah Rai International,Denpasar,Indonesia,Asia,South-Eastern Asia,115.167222,-8.748056,75
SUB,Juanda International,Surabaya,Indonesia,Asia,South-Eastern Asia,112.786944,-7.379722,478
LOP,Lombok International,"Praya, Lombok",Indonesia,Asia,South-Eastern Asia,116.276667,-8.757222,482
LBJ,Komodo,Labuan Bajo,Indonesia,Asia,South-Eastern Asia,119.889167,-8.486667,688
YIA,Yogyakarta International Airport,Yogyakarta,Indonesia,Asia,South-Eastern Asia,110.05448,-7.907459,738
UPG,Sultan Hasanuddin International,Makassar,Indonesia,Asia,South-Eastern Asia,119.554167,-5.061667,973
SRG,Ahmad Yani International,Semarang,Indonesia,Asia,South-Eastern Asia,110.374167,-6.971389,1181
SOC,Adisumarmo International,Surakarta,Indonesia,Asia,South-Eastern Asia,110.756944,-7.516111,1361
JOG,Adisutjipto International,Yogyakarta,Indonesia,Asia,South-Eastern Asia,110.431667,-7.788056,1407
BDJ,Syamsudin Noor International,Banjarmasin,Indonesia,Asia,South-Eastern Asia,114.7625,-3.442222,1513
TMC,Tambolaka,Tambolaka,Indonesia,Asia,South-Eastern Asia,119.244444,-9.409722,1544
PKN,Iskandar,Pangkalan Bun,Indonesia,Asia,South-Eastern Asia,111.673333,-2.705278,1554
ENE,H. Hasan Aroeboesman,Ende,Indonesia,Asia,South-Eastern Asia,121.660556,-8.849167,1713
PKY,Tjilik Riwut,Palangka Raya,Indonesia,Asia,South-Eastern Asia,113.942778,-2.225,1764
MLG,Abdul Rachman Saleh,Malang,Indonesia,Asia,South-Eastern Asia,112.714444,-7.926667,1777
MJU,Tampa Padang,Mamuju Regency,Indonesia,Asia,South-Eastern Asia,119.027778,-2.588333,1782
SWQ,Sultan Muhammad Kaharuddin III,Sumbawa Besar,Indonesia,Asia,South-Eastern Asia,117.411389,-8.488056,1804
BWX,Blimbingsari,Banyuwangi,Indonesia,Asia,South-Eastern Asia,114.34,-8.310278,2048
SUP,Trunojoyo Airport,Sumenep,Indonesia,Asia,South-Eastern Asia,113.890206,-7.02425,2048
BMU,Sultan Muhammad Salahudin,Bima,Indonesia,Asia,South-Eastern Asia,118.687222,-8.539722,2048
BTW,Batu Licin,Batulicin,Indonesia,Asia,South-Eastern Asia,116.0,-3.45,2048
KBU,Gusti Syamsir Alam,Kotabaru Regency,Indonesia,Asia,South-Eastern Asia,116.164722,-3.296111,2048
WGP,Umbu Mehang Kunda,Waingapu,Indonesia,Asia,South-Eastern Asia,120.301944,-9.669167,2048
RTG,Frans Sales Lega,Ruteng,Indonesia,Asia,South-Eastern Asia,120.478056,-8.596111,2048
KSR,Haji Aroeppala,Selayar Regency,Indonesia,Asia,South-Eastern Asia,120.43866,-6.180135,2048
BJW,Turelelo Soa,Bajawa,Indonesia,Asia,South-Eastern Asia,121.057778,-8.707778,2048
SMQ,H. Asan,Sampit,Indonesia,Asia,South-Eastern Asia,112.975,-2.499167,2048
KJT,Kertajati International,Kertajati,Indonesia,Asia,South-Eastern Asia,108.191111,-6.669167,2048
MOF,Frans Xavier Seda,Maumere,Indonesia,Asia,South-Eastern Asia,122.236944,-8.640556,2048
